feedback,mood
"It's fine. It keeps my floors clean enough, I just wish it had more power on carpet.",okay product
Is it good? I don't know. Is it bad? Also don't know.,indifferent
Picks up dust. Sits in the closet. Repeat.,indifferent
It sounded like a jet engine and did absolutely nothing. My ears are still ringing.,horrible product
It works. I'm not going to write a novel about a vacuum.,indifferent
Seems fine. I'll update if anything changes.,indifferent
"Worked fine out of the box. The first charge took forever, but after that it's been okay.",okay product
Just an average cordless vacuum. Not really memorable.,indifferent
"Not as powerful as the reviews made it seem, but still decent. Probably wouldn't pay full price.",okay product
I've had it for six months and it still works well. Suction has dropped a bit but that's expected.,okay product
Honestly I bought it and forgot about it. It's in the laundry room somewhere.,indifferent
"Handles my thick shag rug, which has defeated every vacuum I've owned. I'm genuinely shocked.",love it
"It's rare for a product to exceed the hype, but this one did. The suction is excellent on every surface we have. The battery lasts through a full clean. And it looks nice enough to leave out on the wall mount.",love it
Doesn't really matter to me which vacuum I use. This one works.,indifferent
I suppose it's decent. It's just not memorable.,indifferent
Does an okay job. Hair on the rug is still a struggle but floors come out clean.,okay product
It melted part of my rug. The brush roll got stuck and just kept spinning in one spot until it burned the fibers.,horrible product
It worked for exactly 11 minutes. I timed it. Then it died and never came back.,horrible product
"Picked this up for my first apartment and I'm so glad I didn't go cheap. It stores on the back of a closet door, charges fast, and handles both the rug and the kitchen tile. My mom visited and asked if I'd hired a cleaner. I'll take it.",love it
I haven't noticed anything unusual. Just a vacuum doing vacuum stuff.,indifferent
Never again. I'm going back to a broom.,horrible product
I have a newborn and cleanliness is my top priority right now. This vacuum gives me peace of mind.,love it
I'm returning it and I'm never buying anything from this brand again. Everything about it is broken.,horrible product
It does what it's supposed to do. I don't feel anything about it.,indifferent
It cleans floors. Isn't that what all vacuums do?,indifferent
"The brush roll ate my phone charger cable, sparked, and then died. I'm lucky nothing worse happened.",horrible product
The instructions were confusing and a piece was missing. Had to wait a week for a replacement part.,bad product
Dangerous product. The battery got so hot I couldn't touch it after charging.,horrible product
"I have never been so angry about a purchase. It worked for exactly one week. The company refuses to refund me, claiming ""user damage."" I didn't do anything but vacuum.",horrible product
The dust cup is hard to detach and I often spill dirt trying to remove it.,bad product
"I've gone through two of these in three months. Both died the same way, the motor just stopped. The company keeps sending replacements instead of refunding. I just want my money back.",horrible product
Broken on arrival. Broken spirit after dealing with support.,horrible product
It's here. It works. That's all.,indifferent
"I only use it on the rug in the living room. Seems to do the job, but I'm not paying close attention.",indifferent
"The house cleaners use it, not me. They haven't said anything about it.",indifferent
Not sure I'd notice if you swapped it for a different vacuum.,indifferent
I think it's a decent buy. I went in with moderate expectations and it met them.,okay product
It's an okay vacuum. I'd buy it again if my budget was tight.,okay product
I bought it for my allergies but it leaks dust while I'm vacuuming. Made things worse.,bad product
It's advertised as quiet but it's louder than my old upright.,bad product
The wand feels loose and wobbly. I'm worried it's going to snap.,bad product
I have two huskies and I genuinely thought I'd be living in a fur tornado forever. This thing proved me wrong on the first pass.,love it
It clogged permanently on the first use with just normal household dust. Can't be unclogged.,horrible product
"Honestly, I haven't used it enough to judge. It seemed fine the three times I did. It's in the hallway closet. Might update later.",indifferent
It's a beast on carpet. I've been pulling out dirt I didn't know was there.,love it
We have mostly tile and it doesn't scatter debris like my old one did. Everything goes straight into the bin.,love it
I'd say it's worth it for small homes. Our three-bedroom place is a bit much for one charge.,okay product
Honestly it's made my life easier. I have chronic fatigue and a heavy vacuum used to wipe me out for the rest of the day.,love it
"It arrived broken, with a cracked handle and no charger. The replacement took five weeks to arrive. When it finally did, it stopped working after four days. I'm speechless.",horrible product
"Too short a cord on the charger, I had to buy an extension to mount it where I wanted.",bad product
"It was fine for a week, then it lost suction and never got it back.",bad product
Returned it and they charged me a restocking fee for a defective product. Robbery.,horrible product
I don't really care about vacuums as long as they turn on. This one turns on.,indifferent
The swivel steering is so smooth. It feels like it's gliding on ice.,love it
"I have long curly hair that sheds everywhere. The brush stays clean and doesn't wrap, which is a first for me.",love it
It's fine. Pretty much like every other vacuum out there.,indifferent
"It's the same as the last vacuum I had, just newer. I can't point to anything that stands out. It's fine for my needs. I'd probably buy whatever is cheapest next time.",indifferent
"I bought this as a backup to my robot vacuum. It's great for the spots the robot misses, like the stairs and under the couch cushions. For whole-house cleaning, it's a bit slow. As a second vacuum, it's perfect.",okay product
It has a faint burning smell every time I use it. I'm not comfortable with that.,bad product
Emptied the bin after the first run and was horrified at what came out of a carpet I thought was clean. Ten stars.,love it
The trigger mechanism broke after two months. It only works if I press it at a weird angle.,bad product
I don't understand the good reviews. This one performs poorly on everything I've tried.,bad product
"Assembly was easy and it was ready to go in about ten minutes. It cleans decently, though I noticed it misses some sand near the baseboards. The handheld mode is convenient for quick cleanups. Good, but not flawless.",okay product
Pretty poor. It tips over when I try to set it down for a second.,bad product
"Took it out of the box, charged it, and it's been flawless since. That was eight months ago.",love it
"Pretty good product. The brush roll is easy to remove and clean, which I like.",okay product
Horrendous. It stopped suctioning entirely after two weeks.,horrible product
Worst vacuum in the universe. Save yourself the heartache.,horrible product
The attachments are useful but they feel a little flimsy. I'm worried one will crack eventually.,okay product
It's a vacuum that works. I don't know what else you want me to say.,indifferent
"I'd rate it a 7 out of 10. Good suction, decent battery, meh bin.",okay product
Customer service took ten days to respond and then told me to clean the filter. I had already done that.,bad product
One star because I can't choose zero. The vacuum is completely useless.,horrible product
"It's fine for what it is, which is a vacuum.",indifferent
"It's pretty good for everyday messes. I use it after dinner to clean up crumbs and it handles that easily. Bigger jobs take more patience. It's not my dream vacuum, but it's a solid tool.",okay product
The latch on the bin broke on day one and it spills everywhere now. Useless.,horrible product
"It's a fantastic vacuum. Picks up everything, empties easily, and looks good doing it.",love it
"Nothing special, nothing wrong. A vacuum.",indifferent
It's okay for the price. Build quality is so-so but performance is decent.,okay product
It's alright. Kind of forgettable honestly.,indifferent
It sucked up a small toy and made a noise like it was chewing gravel. Never worked again.,horrible product
I was a die-hard corded upright person until I tried this. Converted.,love it
Pure junk. It cracked the first time I set it down on the floor.,horrible product
I clean my car detailing clients' vehicles with this now. The handheld mode is perfect and the suction is plenty strong.,love it
"My wife likes it more than I do. I think it's fine, just a little loud.",okay product
It's too tall to fit under my bed or couch. Useless for the dust bunnies.,bad product
Worth splurging on. You'll use it daily.,love it
Keeps my home office spotless. I do a quick pass every morning before work and it takes two minutes.,love it
"It's okay on stairs, a bit awkward on the corners. Otherwise no real complaints.",okay product
I've had to clean the brush roll every time because hair gets stuck. Waste of time.,bad product
My daughter's long hair jams it every single time. The anti-tangle claim is false.,bad product
"The suction is strong enough, and it's easy to maneuver. I just wish it charged faster.",okay product
It's a nice upgrade from my old handheld. Still not as good as a corded upright.,okay product
"I hate this vacuum with every fiber of my being. It broke, the customer service lied to me, and I'm out the money.",horrible product
The headlight on the floor head is such a simple idea but it's changed how I clean. I can see every bit of dust under the bed now.,love it
It's okay. I use my broom more often honestly.,indifferent
"Happy enough with it. The charging cable is short, which limits where I can put it.",okay product
The battery died completely after five months. The warranty process has been slow.,bad product
The cordless design is convenient. I just wish the battery indicator was more precise.,okay product
"The seller refused my return because I ""opened it."" How else was I supposed to find out it doesn't work?",horrible product
Reasonably powerful. Could use a slightly longer wand for tall people like me.,okay product
I bought it because my old one stopped working. This one works. I use it on Sundays. I don't really think about it the rest of the week.,indifferent
I don't really know what makes a vacuum good or bad. This one picks up dust and crumbs. It doesn't seem better or worse than others. Three stars feels right.,indifferent
It destroyed my hardwood floors. A small pebble got stuck in the head and it gouged a long scratch across the room. I didn't even notice until it was too late. Now I need a professional repair.,horrible product
"I was hoping for an upgrade from my old vacuum. It's lighter, but that's the only improvement. Suction, battery, and bin size are all worse. Not worth the money.",bad product
"It's a pretty unremarkable product. It turns on, it cleans, it turns off. I charge it every now and then. I have no real feelings about it.",indifferent
We live on a farm and the amount of dirt that gets tracked in is unreal. This handles it without breaking a sweat.,love it
It's in my closet. It works when I pull it out. That's all.,indifferent
It chewed up the fringe on my grandmother's antique rug. That rug survived 60 years and couldn't survive this vacuum.,horrible product
It does exactly what I assumed a vacuum would do.,indifferent
"Suction is good for surface debris. For embedded dirt, it's just okay.",okay product
Worst purchase I've ever made. It stopped charging after ten days. The seller said the return window had closed. I've disputed the charge with my bank.,horrible product
Seems average. Hard to judge after only a couple of uses.,indifferent
Works fine. Took a while to figure out how to detach the wand from the motor unit.,okay product
The dust bin is hard to clean and starts smelling after a few uses.,bad product
Absolutely dreadful. It spews dust out of the back and the motor died within a month.,horrible product
"Used it to clean up after a party and it handled chips, confetti, and even some spilled popcorn with ease. Saved me so much time.",love it
The worst vacuum ever made. I'm convinced of it.,horrible product
It keeps pulsing on and off when I use it. Customer service said it's a clog but there's no clog.,bad product
Bought it for the kitchen. It can't even handle a small flour spill without clogging.,bad product
"Solid, not amazing. It's a four-star vacuum.",okay product
I've been cleaning up after my three boys and their dog for years. This is the first vacuum that keeps up with them.,love it
It burned a smell into my carpet that took weeks to get rid of.,horrible product
Good performance for the size. The filter needs a wash every few weeks to keep suction up.,okay product
It sprayed a cloud of dust all over my living room when I turned it on. Apparently the bin wasn't sealed from the factory. I spent the whole afternoon cleaning up after the thing that was supposed to clean.,horrible product
It never worked properly. Now it doesn't work at all.,horrible product
Great vacuum! Does what it says and more.,love it
"This vacuum is a joke. Couldn't pick up crumbs, couldn't hold a charge, couldn't survive a month.",horrible product
Stay away. I've owned it for a month and it's already been to the repair shop twice.,horrible product
"Worked well for the first few weeks, then I noticed the suction dropped a bit. Cleaning the filter helped a lot.",okay product
Average vacuum. Average experience.,indifferent
Good for quick cleanups. For a full clean of my two-story house I have to recharge in between.,okay product
"Weak, loud and uncomfortable to hold. Not a good combination.",bad product
My opinion is that it's a vacuum and it vacuums.,indifferent
I have regrets. So many regrets. It broke in two weeks and the brand ghosted me.,horrible product
The dustbin cracked the first time I emptied it. Then the battery stopped holding a charge. Then the brush roll stopped spinning. It's been one failure after another.,horrible product
The motor is strong but it heats up a bit after twenty minutes of use. Not sure if that's normal.,okay product
I've used it maybe five times. It seems to work.,indifferent
A solid mid-range option. I'd recommend it for renters or small homes.,okay product
I love it so much I bought one for my office. My coworkers think I'm a little strange but they borrow it constantly.,love it
Mostly good. Sometimes the head gets clogged with larger debris and I have to stop and clear it.,okay product
Hair constantly gets stuck in the intake and I have to clear it manually.,bad product
It gets stuck on thresholds and can't transition between rooms easily.,bad product
The suction on the handheld mode is pathetic. Can't even get crumbs out of the car.,bad product
Customer support wanted me to pay shipping to send it back for a warranty repair. Not great.,bad product
The on/off button is poorly placed and I keep bumping it by accident.,bad product
It's the first vacuum I don't hide in a closet because it actually looks nice on the wall. Performance matches the looks too.,love it
"I'm neutral on it. Works fine, looks fine.",indifferent
The attachments are so stiff they don't bend into corners well.,bad product
Not much of an opinion. It's there.,indifferent
"I'm not the right person to review this, I just use it when the floor looks dirty. It works. It's not complicated. It's fine.",indifferent
It's good for picking up visible mess. Not sure how deep it actually cleans.,okay product
The suction on max mode is ridiculous. It nearly pulled the rug off the floor.,love it
I have a sawdust problem from my woodworking hobby and this handles it beautifully. The shop has never been this tidy.,love it
Fine. Just fine.,indifferent
It looks like a vacuum and works like a vacuum. What else is there?,indifferent
"Terrible product, terrible experience. I will be warning everyone I know.",horrible product
"The suction is fine for my needs. If you have a big house with lots of carpet, look for something stronger.",okay product
"Good product, but the replacement filters are pricier than I'd like. Something to keep in mind.",okay product
It won't pick up hair from the rug at all. Just rolls right over it.,bad product
"It's a vacuum, not a miracle. It does okay.",indifferent
The filter is a pain to remove and clean. My hands are always covered in dust.,bad product
The brush roll is a nightmare to clean. Hair wraps so tightly I need scissors every week.,bad product
My allergist recommended a HEPA vacuum and this one was affordable. My symptoms have improved noticeably.,love it
It doesn't stand on its own and falls over if I lean it against anything. It already has a crack from falling.,bad product
The dust cup is transparent so you can see exactly when it's full. Small detail but I really appreciate it.,love it
"Suction is solid. The noise on max mode is a lot, though.",okay product
I'm moderately pleased. It picks up the visible stuff well but I'm not sure about the deep dirt in the carpet.,okay product
Happy enough. I think the price is fair for what it does.,okay product
Died two days after the return window closed. Coincidence? I think not.,horrible product
The bin doesn't seal properly and dust escapes every time I empty it.,bad product
"The filter clogs almost immediately and needs cleaning after every use. If I skip it, the suction drops dramatically. It's a lot of maintenance for mediocre results. Not impressed.",bad product
"Took a bit of getting used to. Now that I know how to use it, it's pretty handy.",okay product
"Using it hasn't changed my life, but it hasn't made it worse either.",indifferent
My kids think the dust bin is cool to look at so they actually volunteer to vacuum. I'm buying a second one before the novelty wears off.,love it
The suction is so bad on carpet that I wonder if it's defective.,bad product
The motor makes a horrible grinding noise and then shuts off. I got two replacements and they did the exact same thing.,horrible product
It showed up on time and it turns on. I've used it on the rug and the kitchen floor. The floors look about the same as they did with the old one. That's pretty much it.,indifferent
I got this to deal with my shedding husky and it's hopeless. The bin fills after one room.,bad product
Keeps getting clogged with hair. I've had to disassemble it three times already.,bad product
Love that it converts to a handheld. I use it for my car every weekend now.,love it
"It's a regular vacuum cleaner, nothing more, nothing less.",indifferent
"It's fine, I don't have much to say. It vacuums the floor.",indifferent
Nothing much to say. It's a vacuum like any other.,indifferent
"Pretty good cordless vacuum. It's lighter than I expected, which is nice for the stairs. The brush roll does get tangled with long hair, so I have to clean it every week or so. Four stars from me.",okay product
It sounds like a jet engine. My neighbors complained.,bad product
It's too big to store easily and doesn't perform well enough to justify the space.,bad product
"The battery is swappable, so I bought a spare and now I never run out. Genius design.",love it
Picks up most debris without a problem. Bigger stuff like cereal sometimes gets pushed around first.,okay product
"The brush head doesn't swivel well, so getting around furniture is a pain.",bad product
Cheap feeling plastic everywhere. I don't expect it to last long.,bad product
Pretty good for pet hair on carpet. It needs a second pass on the stairs.,okay product
"The dustbin is tiny and hard to empty. Dust flies everywhere when I open it. For someone with allergies, that defeats the whole purpose. Not recommended for allergy sufferers.",bad product
It's too tall to fit under my kitchen cabinets. The dirt just stays there.,bad product
I was worried the battery would be weak but it's lasted through my entire house every time. Very pleased.,love it
It's so noisy I can't hear anything while I'm vacuuming. My ears ring afterward.,bad product
I love it!!,love it
It's a good buy if you get it on sale. I paid full price and feel a little meh about it.,okay product
Assembled it in two minutes without reading the manual. That's my kind of product.,love it
It leaves a strip of dirt along the edges of every room. The brush doesn't reach the sides.,bad product
Disappointed with how quickly the suction faded. Not worth the high price.,bad product
Horrific. The motor died and the smell of burning lingered in my house for days.,horrible product
"It's a solid vacuum for a small space. My apartment is 700 square feet and it handles it on one charge. I'm not sure how it would do in a bigger house. For me, it's a good fit.",okay product
Weak on carpet and scratches hardwood. Not a great combo.,bad product
The worst. It's somehow both extremely loud and extremely weak.,horrible product
They advertised a two-year warranty but refused to repair it after four months. Liars.,horrible product
Worst purchase I've made in years. It was broken out of the box and support never replied.,horrible product
I was skeptical of cordless models because my last one died in fifteen minutes. This one does the whole three-bedroom house and still has juice left.,love it
It stopped holding a charge after four months. The battery replacement costs almost half the vacuum.,bad product
Utterly useless. It can't pick up anything heavier than a feather.,horrible product
Dust sensor that shows how much dirt it's picking up is weirdly addictive. I keep going over spots until it turns green.,love it
It rattles when it runs. I think something came loose already.,bad product
I clean houses for a living and I bought a second one for my business. That should tell you everything.,love it
I don't really notice a difference from my previous vacuum. Neither better nor worse.,indifferent
"It ate a USB cable, sparked, and went dead. Scared me half to death.",horrible product
The head clogs every time I vacuum my rug. I'm always taking it apart.,bad product
Came in handy after a houseplant tipped over and dumped soil all over the carpet. You'd never know it happened.,love it
It's the kind of product that makes you wonder why you put up with a bad vacuum for so long.,love it
"It's heavy, loud and not very effective. Big letdown.",bad product
"Decent machine, a bit heavy in the hand after a while. Works well on my area rugs.",okay product
Easily the most useful appliance in my home right now.,love it
It's fine. My dog doesn't care about it either.,indifferent
It picks up crumbs. The end.,indifferent
No strong opinions. It picks up dirt like any other vacuum would.,indifferent
"My daughter has long hair, and it wraps around the brush roll every single time. I have to stop halfway through and cut it free. The anti-tangle feature doesn't work at all. Very frustrating.",bad product
Honestly regret buying this. Should have spent a bit more on a better brand.,bad product
It's a decent machine. A little top-heavy when you're using it for a while.,okay product
I've never written a negative review until now. This vacuum deserves it. It stopped working after a week and the company won't respond.,horrible product
"I'd call it average-plus. Works reliably, and it's easy to maneuver.",okay product
The handle snapped off while I was vacuuming the stairs. I nearly fell backwards.,horrible product
"It's okay for quick spot cleaning, but terrible for anything else. The battery dies too fast and the suction is weak. I wouldn't use it as a main vacuum. Save your money.",bad product
It gave me an electric shock when I touched the metal part of the wand. I immediately stopped using it. There's clearly a wiring fault. This should not be on the market.,horrible product
The difference in my carpet after the first use was shocking. It looked fluffier and brighter.,love it
It's hard to rate something I use twice a month. It's fine when I use it.,indifferent
"I can't believe how much dog hair it pulled out of a rug I vacuumed with my old machine the day before. Kind of disgusting, mostly amazing.",love it
The thing that surprised me most is how quiet it is. I can vacuum at 6am before work without waking anyone. It still has great suction on the rugs. Absolutely love it.,love it
The suction on the upholstery tool is weak. Doesn't get the cat hair off my couch at all.,bad product
The wall charger is super convenient and keeps it out of the way. Everything about the design feels thoughtful.,love it
"My parrot scatters seed husks everywhere. This picks them up without a problem, even out of the corners.",love it
"I had to throw it away. It stopped working, and the company went silent.",horrible product
"It picks up dust on hardwood but leaves the corners. Mediocre at best, bad at worst.",bad product
"The suction is strong, but what really sold me is how easy maintenance is. The brush roll pops out, the filter rinses clean, and the bin empties in one motion. I've owned vacuums that took half an hour to clean properly. This takes two minutes.",love it
It spits things back out when I lift it off the floor. Very annoying.,bad product
"I like it. Wish the dust bin was bigger and easier to empty, but otherwise fine.",okay product
I've gone through three vacuums in five years and this is the first one I'm truly happy with.,love it
My daughter tried it on her dorm carpet and gave up. Too weak.,bad product
"I haven't had any problems, but I also haven't used it much.",indifferent
"The accessories are actually well thought out, not just random extras. I use every single one.",love it
I bought it because it was on sale and in stock. It's a vacuum.,indifferent
The handle came completely off in my hand while I was using it. Thing is held together with hopes and dreams.,horrible product
Broken after a month and I've been waiting forever for the warranty replacement. Still nothing.,horrible product
Bought it because my old one broke. This one does roughly the same thing.,indifferent
"I've had it for a couple of months. No problems, no praise. It's a household item that does its job. That's all I expected.",indifferent
It's fine for my needs. I live alone in a small place so I don't need anything fancy.,okay product
It scatters cereal and bigger debris everywhere instead of picking them up. I end up grabbing the broom anyway.,bad product
"I've never been so angry about an appliance. It's broken, and the company won't take it back.",horrible product
Normal vacuum. Normal performance. Normal price.,indifferent
It literally blows dust out the back while you vacuum. My allergies went through the roof. I had to deep clean the entire house after using it. Complete garbage.,horrible product
It's a nice little vacuum. I'd give it four stars because of the short battery life.,okay product
It's decent and very light. My only real complaint is the tiny bin.,okay product
We live in the desert and fine dust gets into everything. This picks up the powdery stuff that my old vacuum just pushed around. I vacuum the window sills and baseboards with the brush tool every week now. The house finally feels clean.,love it
It's really well balanced so it doesn't feel heavy even when using it overhead or on stairs.,love it
"It's fine for my needs, which are minimal.",indifferent
It scratched deep grooves into my brand new hardwood floors. A small stone got stuck in the head and it just kept going. Now I'm looking at a repair bill.,horrible product
Emptying the bin is one click and it drops straight into the trash with no mess. That was always the grossest part with my old one.,love it
It seems okay. I rarely use it because we have mostly tile and I just mop.,indifferent
Horrible quality and even worse service. Avoid this brand like the plague.,horrible product
I'm pregnant and bending over is getting hard. This is light and easy enough that I can still keep up with cleaning.,love it
"The suction is okay, the battery is okay, the price is okay. Pretty much a middle-of-the-road vacuum.",okay product
It turns on and picks up stuff. That's what I needed.,indifferent
It's too heavy at the top. Using it for more than a few minutes hurts my arm.,bad product
"I bought it for dog hair and it's excellent, but I was surprised by how well it handles fine dust on the hardwood too.",love it
It's the vacuum my landlord approved of for the hardwood. Seems to be okay.,indifferent
"Neutral feelings. It does what I need, I don't love it or hate it.",indifferent
"Nice and light. Gets most of the dirt, misses some fine sand along the edges.",okay product
It's a tool. I use it when I need it and put it away.,indifferent
The roller left black marks on my light-colored tile.,bad product
Completely useless. I wouldn't wish this vacuum on my worst enemy.,horrible product
"I gave it to my son for his apartment. He said it's fine, whatever that means.",indifferent
"It works well on our hardwood and tile. On carpet, it's okay but not great. The attachments are useful for the car and couch. Overall, a reasonable choice for a mostly hard-floor home.",okay product
Zero stars if I could. It wouldn't even turn on out of the box.,horrible product
It's easy to use and pretty effective. I was hoping for a longer battery life.,okay product
It works about as well as I expected. No surprises.,indifferent
Horrible product and even worse support. Nobody should buy this.,horrible product
Complete disaster. It destroyed the carpet fibers in a strip across my bedroom.,horrible product
"Completely defective. Doesn't turn on, doesn't charge, doesn't do anything.",horrible product
Totally blown away by the quality for the price. It feels like a premium product.,love it
I'm stunned that this passed any kind of quality control. It broke the first time I used it.,horrible product
"Pretty happy overall, although the plastic scratched easily. Cosmetic, but annoying.",okay product
This is a disposable vacuum pretending to be a real one. Broke in under a month.,horrible product
"I run a small daycare out of my home. Between snack time, craft time and nap time, the floors are a disaster by 3pm. This vacuum handles Goldfish crackers, playdough crumbs and glitter without clogging. It's quiet enough that I can use it during nap time too, which is a lifesaver.",love it
Haven't really thought about it much since I got it. I guess that means it works.,indifferent
Poor quality control. Mine arrived with a scratched body and a loose part rattling inside.,bad product
Worst purchase of the year. Complete garbage from a company that doesn't care about its customers.,horrible product
The bin is awkward to empty. Hair gets stuck in the mesh and I have to pull it out by hand.,bad product
Remarkable vacuum. Couldn't recommend it more.,love it
"I'd recommend it with some caveats. Good for small homes, not great with lots of carpet.",okay product
The brush roll leaves streaks on my dark hardwood floors. It also pushes bigger debris around instead of picking it up. I end up sweeping afterward. What's the point?,bad product
I hate this vacuum. Everything about it is cheap and broken.,horrible product
"This is the vacuum I didn't know I needed. Fast, quiet, and strong.",love it
"Uncomfortable handle, weak motor, small bin. Disappointed.",bad product
Not what I hoped for. Wasn't strong enough to handle our rugs.,bad product
"Brilliant. The power, the weight, the design. All brilliant.",love it
My brand new vacuum made the room smell like burning rubber. I can't use it inside.,horrible product
"Buy anything else. Seriously, anything.",horrible product
Arrived DOA. The replacement arrived DOA too. I give up.,horrible product
"Mine arrived with a scratched body and a loose part rattling inside. It works, but not well. I'm debating whether to exchange it. The quality control seems poor.",bad product
The worst customer experience I've ever had. And the vacuum is terrible too.,horrible product
Total waste of money. I'd rather sweep with my hands.,horrible product
LOVE IT. Picks up cat litter tracked all over the bathroom tile like it's nothing.,love it
"Two stars. It turns on, but that's about the best thing I can say.",bad product
I have a small apartment with a lot of rugs and this handles all of them beautifully. Very happy.,love it
Cleans better than my robot vacuum and my old upright combined. Pretty much the only vacuum I use now.,love it
My wife picked it out. I've used it twice and it seemed like a vacuum.,indifferent
"I have no idea how to rate a vacuum. It sucks up stuff, so three stars?",indifferent
The charging dock is flimsy and the vacuum keeps falling off it. Twice it didn't charge overnight.,bad product
The attachments don't click in securely. The crevice tool fell off twice while I was cleaning the car. Now one of them is lost somewhere under a seat. Poor design.,bad product
"It made my allergies ten times worse. The filter doesn't catch anything, it just blasts dust into the air.",horrible product
The brush roll works well on low-pile carpet. On our shaggy bedroom rug it bogs down.,okay product
"Ordered it, got it, used it. That's the story.",indifferent
The vacuum overheats if I use it for more than fifteen minutes. Then I have to wait.,bad product
This thing is a menace. It ate a corner of my rug and nearly pulled it across the room.,horrible product
Doesn't work well on thick carpets at all. Just bogs down and stops spinning.,bad product
Useless product. Returned it within 48 hours.,horrible product
Good at picking up dry messes. Don't try it on anything even slightly damp.,okay product
It's clunky and the dust bin is hard to put back on.,bad product
Nothing to say really. Just a normal vacuum.,indifferent
The attachments keep falling off mid-use. Clearly a design flaw.,bad product
I like it overall. The wall mount was a pain to install and the instructions were confusing.,okay product
I suppose it's decent. I don't vacuum often enough to have a real opinion.,indifferent
The suction completely died and the brush roll fell off. Utterly worthless.,horrible product
"Good for daily maintenance. For the weekend deep clean, it takes a bit of patience.",okay product
"My husband, who has never once voluntarily vacuumed, has now vacuumed three times this week. I don't know what sorcery this is but I'm not questioning it.",love it
"It does a respectable job with my cat's fur. Not spotless, but much better than before.",okay product
"It's not a vacuum, it's a very loud paperweight.",horrible product
It caught my hair while I was cleaning the brush and nearly pulled it out. The safety features are nonexistent.,horrible product
Wow. Just wow.,love it
Arrived with a cracked dust bin and a missing charger. Customer service told me to wait 6-8 weeks for replacement parts. Unacceptable.,horrible product
Suction started fading after the first month. Cleaning the filter only helps for a day or two.,bad product
"The suction is fine for about three weeks, then it gradually gets weaker.",bad product
"It left my carpet looking worse, all streaky and matted. I don't know how that's possible.",bad product
Don't waste your money. This thing is garbage wrapped in shiny packaging.,horrible product
"Good suction, but hair wraps around the roller more than I expected. I have to cut it free every couple of weeks.",okay product
"It came with some attachments, which I put in a drawer. The main part works.",indifferent
Complete trash. Couldn't even pick up a Cheerio.,horrible product
It picks up stuff. It's kind of noisy but so are all vacuums. The battery is fine. I don't have much else to say.,indifferent
Kind of a boring purchase. It's a vacuum.,indifferent
I bought it for the rental property. The tenants haven't complained about it.,indifferent
It smells musty after a few uses even after I clean the filter.,bad product
It just doesn't clean well. I have to vacuum twice as often to keep up.,bad product
I use it in my hair salon to pick up clipped hair all day long. It hasn't clogged once and the battery lasts through the whole shift.,love it
Good vacuum for light duty. It struggled a bit with the sand after our beach trip.,okay product
It's reliable enough and easy to use. Suction on carpet is average.,okay product
"I use it every day in my small studio and it's perfect. Sits on the wall mount, grab and go, done in five minutes.",love it
Fine for hardwood. On carpet it's okay.,okay product
Seriously a great product. Solid construction and powerful suction at a reasonable price.,love it
"Good enough for our needs. Nothing fancy, gets the floors reasonably clean.",okay product
It's alright. I'm not the type to get excited about appliances.,indifferent
It cut out completely in the middle of cleaning and never turned on again. Four weeks old.,horrible product
"It has a strange smell every time I use it, like hot plastic. It's not overpowering but it's unpleasant. The suction is also weaker than I expected. Two stars.",bad product
The product photos made it look sturdier than it is. Feels flimsy in person.,bad product
It's powerful enough for my high-pile carpet but gentle on my delicate Persian rug. Very versatile.,love it
"It made a horrible whining noise from the start, and then stopped working in two weeks. Don't buy it.",horrible product
It arrived. It works. I don't have much to say.,indifferent
The vacuum exploded dust all over my face when I tried to empty it. The latch is broken by design.,horrible product
It's the right balance of power and weight. Nothing else I've tried gets that right.,love it
Pretty happy with it. It's lightweight and handles pet hair okay.,okay product
Customer service was amazing too. I had a question about the filter and they responded within an hour with a clear answer.,love it
It does okay. Neither here nor there.,indifferent
"It smelled like something died inside it after one week. Cleaned the filter, still smelled. Threw it out.",horrible product
Works fine for my small apartment. I don't think it would cut it in a bigger house.,okay product
Decent vacuum. My one gripe is that the cleaning brush attachment is too stiff for upholstery.,okay product
"Picked up a spilled bag of rice in seconds. Didn't clog, didn't struggle.",love it
Absolutely worth it. I wish I'd bought it years ago.,love it
My mother tripped over the flimsy charging cord and the whole unit fell apart. Parts everywhere.,horrible product
The battery life is fantastic. I do the whole downstairs on normal mode and still have about half left.,love it
Perfect for a small apartment. Takes up almost no space and does a great job on my area rugs.,love it
The worst money I've ever spent. It's going straight into the recycling.,horrible product
I'm pretty satisfied with it. I do wish it came with a spare filter.,okay product
"Good product, a few flaws. The head is too tall to fit under my low couch.",okay product
My old vacuum was 10 years old and still worked better than this new one.,bad product
"Shocking quality. The wheels came off within a week and it's been dragging on the floor, scratching everything.",horrible product
Hands down the best vacuum I've ever owned.,love it
Mine was clearly used. There was hair in the brush roll and dirt in the bin when I opened the box. Disgusting.,horrible product
I really wanted to like this vacuum but it's just not good at its main job.,bad product
Perfect for quick cleanups and deep cleans alike. I'm really impressed.,love it
"It smelled like burning the very first time I turned it on. I thought it was a new-appliance smell. By the third use, smoke was coming out of the vent. Absolutely terrifying.",horrible product
"It's loud, weak, and awkward. Not a good combination.",bad product
Dust poured out of the back while I was vacuuming. It's basically a dust spreader.,horrible product
The battery exploded out of its case while charging. I'm lucky I was home.,horrible product
I barely use it. Probably fine.,indifferent
"They sent me a refurbished unit and sold it as new. It was scratched, dirty, and broken.",horrible product
Horrible. It worked for exactly one use and then the brush roll stopped spinning forever.,horrible product
It's fine. Worth it for the convenience more than the power.,okay product
"The anti-tangle brush is not a gimmick. After a month with two long-haired cats, there's nothing wrapped around it.",love it
The battery lasted five minutes the first time I used it. Then it wouldn't charge again.,horrible product
It's a typical cordless vacuum. It's okay.,indifferent
Awful. The battery lasted six minutes on day one and three minutes by week two.,horrible product
"The charger melted. I'm not exaggerating, the plastic literally warped from the heat.",horrible product
"Works well on carpet, not quite as well on hardwood. It tends to spit out bigger pieces.",okay product
It's okay I think. Hard to say.,indifferent
"It's fine for a quick once-over. For thorough cleaning, it takes more time than my old vacuum.",okay product
Not suitable for pet owners. It clogs up way too easily.,bad product
"It picked up a whole bowl of spilled cereal in seconds. My kids were impressed, and they're hard to impress.",love it
It's lightweight but that's the only good thing. Suction is really weak.,bad product
"It's better than my old vacuum, but not as dramatically as I'd hoped. It's lighter and easier to maneuver. Suction is about the same. For what I paid, it's fine.",okay product
It's just a vacuum to me. It gets the floors done.,indifferent
I didn't realize how bad my old vacuum was until I used this one. The difference is night and day.,love it
It's been a nightmare. The thing just keeps dying and nobody at the company can help.,horrible product
"Obsessed. I vacuum for fun now, which is not a sentence I ever expected to type.",love it
The vacuum works as expected. The packaging was fine. Setup was fine. Everything is just fine.,indifferent
It works. I don't have a lot to say about vacuums.,indifferent
"It does what vacuums do. I didn't have high expectations. It met them, I suppose. That's my review.",indifferent
Works nicely on tile. Leaves a few crumbs behind on the first pass sometimes.,okay product
Does what I need. The handheld mode is handy for the car.,okay product
The brush roll grabbed the corner of my area rug and wouldn't let go. It pulled the rug halfway across the room and burned a mark into it. Then the motor died. I'm out a rug and a vacuum.,horrible product
"Nice, but not as quiet as advertised. It's about as loud as my old one.",okay product
Standard vacuum. Standard results.,indifferent
The crevice tool is long enough to reach behind my fridge. I found things back there I'd rather not talk about.,love it
The box was nice. The vacuum seems normal.,indifferent
Pretty good vacuum. Louder than I'd like but it picks things up.,okay product
"Weak suction, especially on rugs. I end up going over the same spot again and again.",bad product
The battery overheated so badly it melted part of the plastic housing. I've never seen anything like it. I'm genuinely worried other people will get hurt. Avoid at all costs.,horrible product
No issues so far. Also no moments of joy.,indifferent
It's gray and it makes noise. That's about all I can tell you.,indifferent
"Good suction on max, average on normal. Max drains the battery in under ten minutes, so I switch between them. It takes some juggling but works. Decent overall.",okay product
Filter cleaning is tedious and has to be done constantly to keep it working.,bad product
I've been disappointed with it since day one. I'll be looking for a different vacuum.,bad product
The battery pack fell out mid-clean and cracked on the floor. Replacement costs half the vacuum price.,horrible product
I'm disappointed. Expected a lot more based on the price and reviews.,bad product
Can't say I've noticed anything special about it. It just works like vacuums do.,indifferent
"The vacuum itself is good. Customer service was slow when I had a question about the filter, but they did eventually help. The suction and battery life are both decent. I'm happy enough with it.",okay product
It's fantastic on stairs and upholstery. The handheld conversion is quick and easy.,love it
"Reasonably good. The dustbin is hard to clean thoroughly though, fine dust gets stuck in the cyclone part.",okay product
The dust cup cracked when I dropped it from about a foot high. Very fragile.,bad product
It made a loud pop and then smoke started pouring out. I'm scared to have it in the house.,horrible product
"It does the job. The bin is small so I empty it a couple of times per session, which gets old.",okay product
The suction is strong enough to pick up small pebbles from the entryway. Heavy duty for sure.,love it
"It's okay! I like the design, performance is decent.",okay product
The advertised run time is a joke. Maybe 12 minutes on low.,bad product
"It stopped working after two uses. When I called, they said I must have misused it. I vacuumed a rug.",horrible product
"Overall it's okay. A few design choices are a little odd, like where the power button is.",okay product
"The company refused to honor the warranty and told me to ""consult the manual."" The manual is two pages long.",horrible product
"Decent cordless. The wall mount screws they included were too short, had to buy my own.",okay product
I expected better from this brand. This is below their usual quality.,bad product
It's so compact I can store it in my tiny closet. Great for city living.,love it
"Nothing exciting to report. It runs, it cleans, it goes back on the hook.",indifferent
"I'm not sure it's any better than my cheap old one, but it's not worse.",indifferent
"Works well enough. The trigger has to be held down the whole time, which tires my hand on longer sessions.",okay product
"I put off buying a new vacuum for years because I assumed they were all the same. I was wrong. The first time I ran this over our hallway runner, the bin filled with gray fuzz I didn't know was there. My whole family gathered around to look at it like it was a science experiment.",love it
Mostly happy with it. The noise is a bit high-pitched.,okay product
Disappointed with the build quality. A clip broke on the first day.,bad product
It works okay for about five minutes then loses power. Not what I paid for.,bad product
"It's lighter than my old one, which is nice. The suction is a small step down, though.",okay product
Bought it on autopilot. It's a vacuum. It works.,indifferent
It's a vacuum. It vacuums.,indifferent
It's incredibly loud. My neighbors can hear it through the wall. My cat runs away every time I turn it on. The noise alone makes it hard to recommend.,bad product
"The motor made a horrible grinding sound on day three. By day five, it wouldn't turn on at all. I contacted support four times with no reply. Stay away.",horrible product
This thing is dangerous. It sparked when I plugged it in to charge.,horrible product
I'm disgusted with the quality. It's fallen apart in less than a month.,horrible product
"The charging light doesn't work properly, so I never know if it's charged.",bad product
It's clumsy and awkward to handle. Doesn't feel well designed at all.,bad product
Picked this up for my elderly neighbor and she's thrilled with it. She says it's the first vacuum she can lift.,love it
It's much heavier than it looks in the photos. After ten minutes my wrist hurts. The handheld mode is especially awkward. I don't use it as much as I hoped.,bad product
My robot vacuum does a better job than this. That's not a compliment.,bad product
"Good vacuum, not a great one. Does what I paid for.",okay product
"I like it overall, though the bin needs emptying more often than I expected.",okay product
"Honestly, I bought this on a whim at midnight after my old one caught a sock and died. Best impulse purchase of my life. It's light, it's quiet, and my floors have genuinely never looked better. I've already recommended it to four people.",love it
We use it occasionally. It's pretty much what you'd expect.,indifferent
"I'd give it 3.5 stars if I could. It cleans decently, but the dust bin latch is fiddly.",okay product
"I got it as a gift, so I didn't choose it. It's alright.",indifferent
It's nice but not the game changer everyone says it is. Still a decent buy.,okay product
It's okay. Not sure what else there is to say about a vacuum cleaner.,indifferent
"Five stars. Easy to assemble, easy to use, easy to empty.",love it
"I don't love it, don't hate it. It's a vacuum.",indifferent
It's okay. I haven't formed much of an opinion yet.,indifferent
"I've had it for about four months now. It's held up well, although the suction isn't quite what it was on day one. Cleaning the filter helps. Overall a solid purchase, just not an exciting one.",okay product
"The attachments don't store on the vacuum, so they're always getting lost.",bad product
"Couldn't be happier. It's quiet, powerful, and doesn't weigh a ton.",love it
"My partner bought it, I have no opinion.",indifferent
The brush roll makes a clacking noise on hard floors. It's very irritating.,bad product
"Poor design. The bin release button is right where I hold it, so it opens accidentally.",bad product
Not worth the money. My old cheap vacuum picked up more than this one.,bad product
"Total rip-off. For this price, I expected something that at least works for more than a week.",horrible product
A complete joke of a product. It's gone in the trash.,horrible product
Pretty good vacuum for dog hair on hard floors. On the couch it takes a few passes.,okay product
"Mostly good experience. The suction on low is almost useless, so I always use medium or high.",okay product
It does a good job most of the time. Once in a while it loses suction and I have to clear the filter.,okay product
It's okay. I don't have a lot of experience with different vacuums. It seems to clean. That's all I really need from it.,indifferent
Stopped charging after two months. The customer service is slow to answer.,bad product
I think it works. I haven't looked closely.,indifferent
It's decent at what it does. It has a few small design flaws but nothing dealbreaking.,okay product
No problems yet. No wow moments either.,indifferent
Absolute garbage. The motor started smoking the second time I used it and I had to unplug it and throw it outside.,horrible product
"My son has severe dust mite allergies and his doctor suggested a better vacuum with a sealed HEPA system. Within two weeks of using this in his room, he stopped waking up congested. I'm not saying it's a medical device, but it has made a real difference for us. Worth every penny.",love it
Handles wood chips and dirt from the garden that my kids track in every single day. It's tough.,love it
The headlight is a nice touch. Wish the battery lasted a bit longer.,okay product
I don't care much about vacuums. This one was on sale so I got it. It seems to pick up dirt. I'm not going to overthink it.,indifferent
Worst. Vacuum. Ever.,horrible product
Works on the floor. Haven't tried the attachments.,indifferent
"My cleaning routine is the same as before, just with a different vacuum.",indifferent
Pure junk. The wand cracked the first time I bumped it against a door frame.,horrible product
Charging takes six hours for fifteen minutes of use. Terrible ratio.,bad product
It made my house smell like an electrical fire. I'm still airing it out.,horrible product
I feel like I got robbed. It's broken and the seller won't refund me.,horrible product
Used it once to clean up a spill and haven't needed it since. It worked for that.,indifferent
The swivel head gets stuck at an angle and won't straighten out.,bad product
"It's the same as every other vacuum I've owned, just a different color.",indifferent
Avoid. At all costs.,horrible product
It leaves hair on the carpet no matter how many passes I make.,bad product
Vacuum turned itself on in the middle of the night on its charging dock. Scared the life out of my family.,horrible product
The battery barely lasts ten minutes on the normal setting. I can't even finish my living room.,bad product
I dropped it down half a flight of stairs by accident and it still works perfectly. Tough little machine.,love it
It's fine. I really don't want to write more.,indifferent
The battery started leaking some kind of fluid. I don't even want to know what it was.,horrible product
"I don't even know where to begin. It's loud, it's weak, and it broke after two weeks. The warranty claim was denied for no clear reason. Horrible product and horrible company.",horrible product
The vacuum is fine but the charger got pretty warm. I keep an eye on it.,okay product
Too bulky for small spaces. Can't get into corners or behind the toilet.,bad product
It fits under our low couch without me having to move anything. That's where all the dust bunnies were hiding.,love it
Stopped working after four uses. Refused to charge. Then refused to turn on. Now it's a paperweight.,horrible product
Terrible. Broke in a week. Refund process has been a nightmare for two months now.,horrible product
"I'm 71 and live alone, and this is the first vacuum that doesn't make me feel old. Light, quiet, and it actually cleans.",love it
"It does its job, I suppose, but I'm not someone who notices these things.",indifferent
The vacuum's wheels leave marks on my light carpet. Didn't expect that.,bad product
Very average. I don't regret it but I wouldn't brag about it.,indifferent
"Wonderful vacuum, would recommend to anyone.",love it
Used it on my rabbit's hay mess and it cleaned everything up without clogging once. The hay was the real test and it passed.,love it
Getting cat hair off my black couch was always a nightmare. The upholstery tool takes it all off in one or two passes.,love it
"It works fine on tile, but that's about it. On carpet, it loses suction and the brush stops spinning. I have mostly carpet, so it's not a good fit. I regret buying it.",bad product
"It's a good vacuum for hard floors. On carpet, I'd call it average.",okay product
"Nothing to complain about, nothing to rave about.",indifferent
"Horrible purchase. It overheats, shuts off, and smells like burning.",horrible product
It's lightweight enough that I don't mind doing a quick pass every evening. The house just stays clean now.,love it
It's not something I think about. Which might be good? I don't know.,indifferent
"Bought one for myself, then one for my daughter's new apartment, then one for my sister. We're a vacuum family now.",love it
"The color is fine, the size is fine, the vacuum is fine.",indifferent
It works like you'd expect. Nothing else to report.,indifferent
It exists in my house and occasionally gets used. That's my review.,indifferent
Never buying from this brand again. It stopped working the day after the return window closed.,horrible product
The suction cut out completely after a week. Just a whirring noise and nothing else.,horrible product
"It's a decent vacuum, but the storage dock takes up more space than I expected.",okay product
The battery lost significant capacity within four months. Now it's barely usable.,bad product
My house is mostly tile and it gets every speck of dust and crumb without scattering them around.,love it
Hair wraps around the brush roll constantly. I spend more time cutting it free than actually vacuuming.,bad product
It's a perfectly ordinary vacuum.,indifferent
Dreadful. Couldn't pick up a single dog hair from my couch. I had to use a lint roller instead.,horrible product
I've used it a few times. Can't say much more than that.,indifferent
Two words: pet hair. This thing destroys it.,love it
It's weak on anything but bare floors. I have mostly carpet so it's no good for me.,bad product
The battery started swelling after a month. The casing cracked open and I was scared to charge it again. This is a genuine safety hazard. It should be recalled.,horrible product
The design is clever but a few parts feel fragile. So far everything's holding up.,okay product
I got the gray one. It's gray. It vacuums.,indifferent
"Died completely after three weeks. Won't turn on, won't charge, nothing.",horrible product
"I vacuum once a month maybe, so I really can't comment on durability or anything.",indifferent
Bought it for my new house and couldn't be happier. It keeps everything looking fresh.,love it
Returning it was harder than getting a mortgage. Worst customer service in history.,horrible product
It's okay. Kind of plain looking.,indifferent
"It blew a fuse in my house. Not the vacuum's fuse, my house's.",horrible product
Delivery was on time. The vacuum works. That's all I've got.,indifferent
"Perfect for renters. Small, portable, and doesn't need a lot of storage space.",love it
"Arrived broken, replaced, broke again. I've given up and I'm eating the cost.",horrible product
It's frustrating. The suction drops whenever the bin is half full.,bad product
It's a vacuum. I'd give it three stars because I don't feel strongly.,indifferent
I'm not picky about vacuums. This one is fine.,indifferent
Charging is slow and the battery doesn't hold much. It's not worth the trouble.,bad product
It struggles on stairs because the handheld part is awkward and heavy. I gave up and use my old one.,bad product
It doesn't pick up sand at all. We live near the beach so that was the whole point.,bad product
My kids spill everything. This vacuum is my best friend.,love it
The filter started smelling like burnt rubber. I'm not using it until I hear back from support.,bad product
Loses suction constantly. I spend more time troubleshooting than cleaning.,bad product
Good enough. I have no strong complaints but I'm not raving about it either.,okay product
Hard to have feelings about a vacuum.,indifferent
It's expensive for what you get. I expected much better.,bad product
Worth every cent and then some.,love it
Don't have much to report. It turns on and it sucks up dust.,indifferent
"Keeps my small café floor clean between customers. Fast, quiet, and doesn't bother anyone.",love it
"Works well, charges quickly, and it's light. Wish it was a bit quieter.",okay product
"It does a good job most of the time. My biggest gripe is the bin size, since I have a German Shepherd and it fills up after one room. The battery is fine for my small house. I'd probably buy it again, but I'd look around first.",okay product
Absolutely thrilled. The floors have never looked better.,love it
It's become an essential in our house. I don't know how we lived without it.,love it
"Decent product. The manual is useless though, I had to watch a video to figure out the attachments.",okay product
"Customer support told me to ""just shake it."" Then they closed my ticket. Unbelievable.",horrible product
"It literally leaves the floor dirtier than it was. Whatever it sucks in, it spits out the back.",horrible product
"Mostly positive experience. It handles crumbs and dust very well, but hair gets caught in the roller. I have to cut it free every couple of weeks. Not a dealbreaker, but worth knowing.",okay product
I think it's decent for what I paid. It'll do until I can afford a higher-end one.,okay product
My old vacuum left hair all over the rug. This one leaves nothing behind.,love it
"Absolutely disgusting design. Hair and dirt get stuck inside places you can't reach, and it smells horrible.",horrible product
The battery doesn't click in properly and falls out while I'm vacuuming.,bad product
I bought this for my elderly father and it's so poorly designed that he hurt himself trying to empty it. Really unhappy.,horrible product
"Flour spill on the kitchen floor, gone in one pass. It's become my favorite kitchen tool, honestly.",love it
The wall mount broke within a few weeks. Now the vacuum just leans against the wall.,bad product
The power button is so sensitive that it turns off if I barely touch it.,bad product
Total junk. Cheap plastic that cracked in multiple places after a few uses.,horrible product
It pushes pet hair into clumps rather than picking it up. Then I pick them up by hand.,bad product
Honestly didn't expect much for the price but it outperforms the fancy one my sister paid double for. She's jealous and I'm smug.,love it
Our rescue dog sheds constantly and this has kept us sane. Highly recommend it for anyone with a heavy shedder.,love it
"I've been trying to return this for a month and they keep ignoring my emails. Stay far, far away from this company.",horrible product
"Received a damaged unit with a broken wand. They wanted photos, receipts, serial numbers, and still denied the claim.",horrible product
The handheld part is too heavy for me to use comfortably on the stairs.,bad product
Doesn't pick up small debris on tile well. It leaves little bits everywhere.,bad product
It doesn't pick up dog food kibble. Just knocks it around the kitchen.,bad product
It stripped the finish off my hardwood floor in a line. Now I need to refinish the entire room.,horrible product
"I was excited about the dust sensor feature, but it's inaccurate. Says clean when it clearly isn't.",bad product
"Suction weak, battery weak, customer service weak. Two stars.",bad product
Five stars from me and five stars from my very picky wife.,love it
The battery indicator is accurate and the charge lasts way longer than advertised. Rare to under-promise and over-deliver.,love it
"It came with a spare battery and I'm so glad it did. I can vacuum the entire house, then swap and do the garage and car. It's never run out mid-job. This is how cordless vacuums should be done.",love it
The bin latch broke after a month. Now I have to tape it shut.,bad product
"The different suction modes are actually useful. Eco for daily hard floor, boost for the rugs.",love it
I'm unhappy with this purchase. The suction is weak and the build is poor.,bad product
"It fell apart in my hands. The wand snapped, the bin fell off, and a wheel came loose. All within a month. I don't know how this thing passed any kind of testing.",horrible product
It's hard to review something so ordinary. It's fine.,indifferent
The small wheels on the head get tangled with hair and stop turning.,bad product
"The worst. It doesn't clean, doesn't last, doesn't work.",horrible product
"The rotating brush flung a sock into the motor and burned it out. Apparently that's ""user error.""",horrible product
"Awful, awful, awful. Dead in two weeks.",horrible product
"Decent vacuum. Not the best, not the worst.",okay product
I was going back and forth between this and a much more expensive brand. So glad I saved the money because this does everything I need and more.,love it
It's roughly what I expected for a vacuum. Nothing surprising.,indifferent
Decent for the price. Don't expect miracles on thick carpet though.,okay product
Shipping was quick and the product exceeded all my expectations. Very happy.,love it
The brush roll stopped spinning after three weeks. Still under warranty but it's a hassle.,bad product
"It's decent value. I've had it for three months and it's still going strong, though the suction isn't quite what it was.",okay product
Grabbed it on sale and I'm delighted. Even at full price it would be worth it.,love it
This vacuum can't handle my shag rug at all. It just stops spinning.,bad product
I have nothing to say that I wouldn't say about any other vacuum.,indifferent
"Decent vacuum, but the trigger design isn't great for long cleaning sessions.",okay product
"I'm satisfied. It's not perfect, but I'd buy it again at a discount.",okay product
Nice vacuum for the price range. The accessories are basic but functional.,okay product
It's hard to maneuver around furniture. The head is too wide and stiff.,bad product
"It's functional and reasonably priced. Customer service answered my question in a couple of days, which was okay.",okay product
It works. I'm not sure if it's any better than the last one.,indifferent
It gets hot after ten minutes and shuts itself off. Then I have to wait for it to cool down.,bad product
Assembly was frustrating and one of the pieces didn't fit properly.,bad product
Decent suction and the handheld is convenient. The wall mount feels a bit wobbly though.,okay product
Probably the best money I've spent on anything for the house. Just buy it.,love it
Nothing remarkable. Nothing terrible.,indifferent
My vacuum sparked while charging and left a scorch mark on my wall. I'm lucky it didn't start a fire. I reported it to the manufacturer and they never responded. Please don't buy this.,horrible product
It's not good at picking up anything heavier than dust.,bad product
Bad experience overall. Vacuum is weak and support was unhelpful.,bad product
"It's okay, I don't really see the hype but I'm not disappointed either.",indifferent
My partner and I literally fight over who gets to vacuum now. Never thought I'd see the day.,love it
The trigger has to be held the entire time and it gives me cramps. No lock option.,bad product
"The handheld mode is my favorite part. I use it on the couch cushions, the stairs, and the dog bed almost daily.",love it
It worked for a while but now it cuts out randomly. Not great quality.,bad product
"Dead after ten days. Company response: ""Have you tried charging it?"" Yes. Yes I have.",horrible product
"It's okay. Would I buy it again? Maybe, maybe not.",indifferent
It's been over a year and the suction hasn't dropped at all. Still performs like new.,love it
"I like the design and the headlight is genuinely helpful. The battery life is shorter than advertised, around 25 minutes instead of 40. It's enough for my apartment though. Fair product overall.",okay product
My husband and I both have back issues and this is the only vacuum that doesn't aggravate them. So light.,love it
"I really wanted this to work because the design is nice. But the suction is weak on anything besides bare floors. On our living room rug, it barely picks up crumbs. I'm going to try to return it.",bad product
"Total disaster from the start. The box was damaged, the vacuum was broken, and the seller didn't care.",horrible product
The results speak for themselves. My floors are spotless.,love it
Bought it on a whim during a sale and it's easily the best thing in my apartment. The suction on the rug by the front door is unreal.,love it
Can't really tell the difference between this and a cheaper model.,indifferent
I've recommended this to probably six people at work. Two of them have already bought it and thanked me.,love it
"The vacuum is fine, the customer support was fine, delivery was fine. Everything is fine.",okay product
"Meh, it's fine. It's a vacuum.",indifferent
Middle of the road. It's neither impressive nor disappointing.,indifferent
Works. That's all I need to know.,indifferent
The trigger got stuck on and I couldn't turn it off. Had to wait until the battery died. Scary.,horrible product
Not impressed at all. It's noisy and doesn't pick up much.,bad product
Ordered it for the office. People use it. No one has mentioned it.,indifferent
Sent it back three times for repair. Each time it came back broken in a new way.,horrible product
The mini motorized tool is incredible for pet hair on upholstery. My sofa looks brand new.,love it
Honestly I can't tell if it's any good because I don't vacuum much.,indifferent
The seller sent me a knockoff. It says the brand name but the quality is nowhere close. Report this listing.,horrible product
It's one of those things you buy and forget about. Works fine.,indifferent
It doesn't live up to the hype. Performance is bad on almost every surface.,bad product
"I was really hoping this would work for my dog's hair, but it just can't keep up. It clogs every time.",bad product
"Picks up crumbs, dust, and hair reasonably well. Nothing special but reliable.",okay product
"Dead on arrival. The replacement worked for three days then died too. Customer service said they're ""looking into it"" and then went silent. I've wasted a month on this.",horrible product
"It's pretty good, but I do have to empty it often because the bin is tiny. I've got two cats so that might be why.",okay product
"Satisfied overall. Delivery was quick and setup was easy, performance is decent.",okay product
"It's reliable. Not flashy, not powerful, but it's been working every day for months.",okay product
The wand connection keeps coming loose and the vacuum shuts off.,bad product
"Shipping was fast and it came well packaged. Once I started using it, I was hooked.",love it
Does the job pretty well for a cordless. It'll never match a big corded upright though.,okay product
"Loved it so much I wrote this review, and I never write reviews.",love it
I bought this after my wrist surgery because I needed something light. It's perfect and it's powerful too.,love it
It picks up the stuff I can see. I don't know about the stuff I can't.,indifferent
The design is sleek and modern. It actually looks nice mounted on the wall in my laundry room.,love it
"It's a vacuum cleaner, and it cleans. Seems fine to me.",indifferent
It cleans. Kind of loud. Kind of quiet. Depends on the day.,indifferent
It started leaking brown sludge onto my carpet. I have no idea what's inside that thing.,horrible product
The max setting is strong but drains the battery in about eight minutes. On normal it's fine for daily use.,okay product
Disappointing. It barely picks up cat litter and tracks it all over again.,bad product
"I bought this for my elderly mother. The trigger got stuck and she couldn't turn it off, which frightened her badly. She ended up unplugging the charger and waiting for the battery to die. Absolutely unacceptable.",horrible product
Replaced a corded upright that weighed a ton. The freedom of not being tethered to an outlet is incredible.,love it
Reasonable purchase. My only issue is that the dustbin doesn't seal perfectly.,okay product
It sucked up a tiny earring and then made a horrible grinding noise. Now it doesn't work at all.,horrible product
"Quiet, powerful, light. What more do you want?",love it
"Customer service took two weeks to reply to my email. When they did, the answer didn't address my issue at all. The vacuum itself is mediocre at best. Wouldn't buy from them again.",bad product
Fell apart in my hands. The clips holding the bin on just crumbled.,horrible product
Genuinely happy with this purchase.,love it
"It has been decent so far. Only had it a month, so we'll see how it holds up.",okay product
It's pretty handy. The wand could be a bit sturdier.,okay product
"It's a solid four stars for me. Good performance, average build.",okay product
Happy with it for the price. I've had one small issue with the charging contacts but wiggling it fixed it.,okay product
"Can't say enough good things. Solid, reliable, and it just works.",love it
It's not a bad-looking vacuum but it's bad at vacuuming.,bad product
Fine product. Arrived a little late but works well.,okay product
Solid performer on hard surfaces. On carpet it's just okay.,okay product
Horrible product. Horrible company. Horrible experience from start to finish.,horrible product
"Pretty solid vacuum for everyday use. The noise is a bit much for early mornings, but it gets the job done.",okay product
The body scratches very easily and looks worn after a few weeks.,bad product
"Emptying the bin is messy. Dust flies everywhere, which kind of defeats the purpose.",bad product
Pine needles from the Christmas tree used to haunt me until March. Not this year.,love it
Broke in two weeks. Replacement broke in one week. I'm done.,horrible product
"Terrible, terrible, terrible. It clogs constantly, it's deafening, and it broke within a month.",horrible product
Great on stairs. I used to dread doing our carpeted staircase but now it takes about five minutes.,love it
"It cleans the floor, more or less. I'm not really a floor person.",indifferent
"I'm very picky and I returned two vacuums before this one. This is the first one where I couldn't find anything to complain about. Powerful, quiet, well built, and easy to empty. Keeping it.",love it
The stick design is convenient. I just wish it could stand up on its own without the dock.,okay product
"Picks up everything. Cheerios, dog food, sand, hair, you name it.",love it
"I thought it'd feel different, but it's just a vacuum like any other.",indifferent
"The battery is the biggest problem. It's advertised as 40 minutes, but I get about 12 on normal mode. That's not enough to vacuum even half my house. Disappointing for the price.",bad product
It cleans fine. I was expecting it to be a bit quieter based on the description.,okay product
"Nobody in my house has commented on it, so I guess it's acceptable.",indifferent
"The wall mount broke after a few weeks, and the vacuum fell and cracked the bin. Customer service said it's not covered under warranty. I'm stuck with a damaged vacuum. Not happy.",bad product
Our house has a lot of stairs and I used to dread vacuuming them. The handheld mode makes it quick and painless now. I do the entire staircase in about five minutes. That used to take me twenty.,love it
It's hard to get excited about. It's fine.,indifferent
It gets most of the job done. I've found myself still using a broom for the corners.,okay product
I use it every other day and it's holding up. The bin release button is a little stiff.,okay product
Save your money and buy literally anything else. It's a disgrace.,horrible product
It's a vacuum like any other. It has some attachments I haven't tried. The suction seems normal. I'll probably forget I wrote this review.,indifferent
"It sits in the closet most days. When I use it, it works.",indifferent
Works well on bare floors. On our high pile carpet it's a workout to push.,okay product
"Good product, a little overpriced for what you get.",okay product
"The smell of burning plastic every time I use it is sickening. Tried contacting the manufacturer, no answer.",horrible product
This vacuum is frustrating to use. The head keeps flipping over when I try to turn it.,bad product
We just moved into an old house with dusty wood floors and this has been a lifesaver. The floors look refinished.,love it
I have a bad shoulder and heavy uprights have always been a nightmare. This one is a joy to use.,love it
It burned out on the first deep clean. Just stopped with a pop and a horrible smell.,horrible product
It works decently on everyday dirt. Not great for heavy messes.,okay product
The battery takes about five hours to charge fully. Performance is good once it's ready.,okay product
Useful little vacuum. I mostly use it for spot cleaning in the kitchen.,okay product
If I could give negative stars I would. Garbage in every way.,horrible product
"It picks up dirt, sometimes. I don't really pay attention.",indifferent
I've had it for a year now and it still works like the day I bought it. Rare for anything these days.,love it
"The motor stopped working after two weeks and the ""lifetime warranty"" apparently doesn't cover the motor.",horrible product
Fairly good. My main issue is that the charging port is on the bottom and awkward to reach.,okay product
My cat was scared of my old vacuum. She barely notices this one because it's so much quieter.,love it
"It's pretty useful, especially for the car. The filter is a pain to clean though.",okay product
I was spending a fortune on professional carpet cleaning. Now I just vacuum with this weekly and the carpet stays nice.,love it
10/10 would vacuum again.,love it
It feels cheaply made. The plastic creaks when I push it across the carpet.,bad product
My mom has arthritis and struggles with a lot of household tools. She says this is the easiest vacuum she's ever used.,love it
"Not good, not bad, just a vacuum I own now.",indifferent
Fairly happy with it. It's a practical vacuum with a couple of annoying quirks.,okay product
"It's a useful tool. I'd like a bigger bin and a quieter motor, but it's fine.",okay product
Picks up well on rugs and hardwood. Gets clogged if I try to vacuum up leaves.,okay product
Too many design flaws for the price. Would not buy again.,bad product
Very underwhelming for the price. My neighbor's cheaper model outperforms it.,bad product
This product is a safety hazard. The charging dock sparked and scorched my wall outlet.,horrible product
"I bought this to replace a robot vacuum that kept getting stuck. Turns out I actually prefer doing it myself when the tool is this good. It's fast, satisfying, and gets into all the corners the robot missed. Very happy with the switch.",love it
I don't have strong feelings about it. It does its thing.,indifferent
Disgusting. It started leaking a foul-smelling liquid from the motor housing.,horrible product
Not reliable. It works one day and not the next.,bad product
Absolutely wonderful vacuum. It's made cleaning so much easier and quicker.,love it
It completely changed my cleaning routine. I do small bits daily instead of a massive clean on the weekend.,love it
It's okay. I use it mostly for the stairs and the car.,okay product
It even gets the dust out of the window tracks with the crevice tool. That was a job I used to do with a toothbrush.,love it
"Bought it for my boat, of all places. It's compact enough to store in a cabin locker and strong enough to handle sand and salt.",love it
It picks up hair from my shedding German Shepherd like a champ. I used to vacuum twice a day and now once is enough.,love it
"The battery indicator is useless. It shows full, then dies two minutes later.",bad product
Works pretty well. It's become part of my daily routine even if I have a few gripes.,okay product
Dust leaks from the seam near the filter. I could see it in the sunlight.,bad product
My vacuum literally broke into pieces when I dropped it from waist height. Pathetic build quality.,horrible product
"It picked up some dirt, but left a lot behind. I don't think it's worth the money.",bad product
It's so easy to grab and go that I use it multiple times a day. My floors are never dirty anymore.,love it
I use it to clean my keyboard and desk with the brush attachment. Versatile little machine.,love it
"Customer service hung up on me twice. Then they told me the warranty doesn't cover ""normal wear"" on a vacuum I've had for 10 days.",horrible product
"Great vacuum, great price, fast shipping. Happy customer here.",love it
Got it for my mom. She uses it. That's about it.,indifferent
Everyone in my family has used it and loves it. Even my teenage son.,love it
The brush roll spins so hard it flings debris instead of picking it up.,bad product
"I didn't expect to have an emotional reaction to a vacuum. But after years of dragging a heavy corded machine up and down three floors, this felt like freedom. The battery made it through the entire house on the first try. I actually sat down and smiled afterwards.",love it
"It's a practical vacuum that does most things well. The dustbin could be bigger and the charging dock could be sturdier. Otherwise, I have no major complaints. Three and a half stars, rounded up.",okay product
I got this after my old vacuum died and I'm almost glad it did. This is so much better.,love it
Three stars because I don't feel strongly about it.,indifferent
I did a lot of research before buying and this was the right call. No regrets.,love it
The suction is so weak that it can't pick up a single leaf from the entryway.,bad product
I bought this after reading a bunch of reviews and it lived up to all of them. Rare these days.,love it
"Loud, clunky, and not very effective. Returning it.",bad product
No complaints but also no compliments.,indifferent
It works the same as the one it replaced. I didn't notice any real change.,indifferent
The charger started smoking and ruined my wall socket. This is dangerous.,horrible product
I'm a bit of a clean freak and this has earned my approval. That's not easy.,love it
The rubber on the wheels started peeling off after a couple of months.,bad product
"It caught fire. Not smoking, actual flames from the vent. Thank god I was standing right there.",horrible product
Bin fills up quickly and is a hassle to empty cleanly.,bad product
It's broken beyond belief. I have never been so disappointed in a purchase.,horrible product
"It's good, but not great. I expected a bit more from the brand.",okay product
The handle is uncomfortable and slippery. My hand keeps sliding off.,bad product
"My dog's hair mostly comes up, although I have to go over the rug a few times. Not bad, not perfect.",okay product
"It's not the best I've used, but it's easy to live with. Four stars.",okay product
"I don't know if it's good, I'm not a vacuum person. It hasn't broken yet.",indifferent
"Suction is good on hard floors, a bit weaker on rugs. Overall I'm fairly satisfied.",okay product
"I got a small electric shock from the charging port. I don't care what else it does, that's a hard no.",horrible product
Not great. Takes forever to charge and doesn't last long.,bad product
It died after three uses and the company says I need to provide the original packaging for a return. Who keeps that?,horrible product
"Satisfied, though I'll need to buy a second battery to finish the whole house.",okay product
"My kids use it for their rooms. I haven't heard anything about it, good or bad.",indifferent
"I went back and forth on whether to keep it. It cleans well enough, but it's louder than I'd like and the wall mount is a bit wobbly. In the end, the convenience won me over. It's a keeper, just not a favorite.",okay product
Took it camping to clean out the RV and it was perfect. Compact enough to store and strong enough to deal with all the dirt we tracked in.,love it
I was asked to write a review. Here it is: it's a vacuum.,indifferent
It's not a good vacuum. It's awkward and doesn't pick up well.,bad product
"Good vacuum overall. The emptying process is a bit messy, dust sometimes puffs out.",okay product
It's so good on stairs that I'm almost disappointed we only have one flight.,love it
"It picks up dog hair decently well, though it does get tangled on the brush occasionally.",okay product
"Not bad, not good, just exists.",indifferent
This vacuum is dangerous and defective. I've reported it to consumer protection.,horrible product
Pretty decent overall. I was expecting a bit more oomph on max mode.,okay product
"Everything about this product is a disappointment, from the build quality to the customer service.",horrible product
The accessories don't fit well and keep slipping off. Poor engineering.,bad product
My dog's hair clogged it on the first pass and it hasn't worked since. I tried everything in the manual.,horrible product
I have to go over the same spot five or six times to pick anything up. Takes forever.,bad product
Bought it for the car and ended up using it everywhere. The handheld attachment is so convenient that I clean small messes as soon as they happen. The house stays tidier overall. I didn't expect such a big change from one little tool.,love it
I've used worse and I've used better. This one is somewhere in between.,indifferent
Works reasonably well. The attachments don't store on the unit which is a bit annoying.,okay product
It picks up most things well. The brush roll leaves a small strip uncleaned on the left side.,okay product
I use it on the rug when it looks dirty. Then it looks less dirty. Fine.,indifferent
It can't pick up anything bigger than a grain of rice without choking. Big disappointment.,bad product
"Handy and fairly strong. It's not going to replace my big vacuum, but it's great as a quick grab.",okay product
It's a good everyday vacuum for quick cleanups. For deep cleaning I still pull out my old corded one.,okay product
The soft roller head is incredible on hardwood. Picks up big debris and fine dust at the same time.,love it
Gets the job done in a completely unremarkable way.,indifferent
I spent more time on the phone with customer service than I spent vacuuming. And they still haven't fixed anything.,horrible product
Very disappointing. Doesn't even pick up dust from my blinds.,bad product
"The whole thing started to wobble and rattle, then a piece of plastic shot out of the vent. What?",horrible product
"Really solid build. Nothing feels flimsy or cheap, and the attachments click in with a satisfying snap.",love it
It shredded my curtains when I got too close with the brush roll. Didn't even know that was possible.,horrible product
"Super easy to use, even my 10-year-old can operate it. Now she has no excuse not to clean her room.",love it
It's okay for the money. I paid about half of what the big brands cost and I get maybe 70 percent of the performance.,okay product
It leaves dust trails on hardwood floors. Not acceptable.,bad product
It's poorly balanced. My arm gets tired very quickly.,bad product
"It's there when I need it, which isn't often.",indifferent
I'm a professional house cleaner and I've used just about every vacuum out there. This one is now in my kit for every job. It's light enough to carry between houses and strong enough for deep cleans. My clients have noticed the difference.,love it
"Good, not great. Does the job for everyday dirt.",okay product
The charger stopped working after two weeks and they want me to buy a new one. Unbelievable.,horrible product
"Good for picking up pet hair, although the smell of the bin after a few days isn't great. I empty it right away now.",okay product
"My husband ordered it, I just use it sometimes. Seems fine.",indifferent
"Can't really compare, never owned a cordless before. It seems to work alright.",indifferent
It cleaned my car interior well enough. The handheld is slightly bulky for tight spots under the seats.,okay product
It's the worst experience I've had with any product. Nothing works as advertised.,horrible product
It does a fair job. The crevice tool is too short to reach behind my appliances.,okay product
Satisfactory. It helps keep the house tidy between deep cleans.,okay product
We bought it for the guest house. It gets used when guests are around. Nobody has commented on it either way. So I guess it's fine.,indifferent
I regret buying this so much. It's been one problem after another.,horrible product
Can't think of anything to say. It's working.,indifferent
I'm in love with this vacuum. Is that weird? I don't care.,love it
It started screeching like a dying animal on its third use. Then smoke came out of the top.,horrible product
Instructions were terrible and I still don't know how to use one of the attachments.,bad product
"Hands down the most frustrating purchase I've ever made. It doesn't clean, it doesn't last, and nobody takes responsibility.",horrible product
Better than expected for the price. It still isn't a top-tier vacuum though.,okay product
"Not bad. The swivel is a little stiff, which makes getting under furniture a chore.",okay product
"Works okay. The bin release sometimes opens when I don't want it to, which is annoying.",okay product
I love the trigger lock button so I don't have to hold it the whole time. My hand used to cramp with my old cordless.,love it
I bought it because the reviews were good. It seems like a regular vacuum to me.,indifferent
"It came, I charged it, I use it sometimes. Seems normal.",indifferent
"The vacuum is good, the price is a little high. I'd still recommend it to a friend.",okay product
It gets into the tight spots between my kitchen cabinets and the floor. No more crumbs hiding there.,love it
My mother-in-law ran her finger along the baseboards and found nothing. Worth it for that moment alone.,love it
We run an Airbnb and turnover cleaning takes half the time it used to. Guests have even mentioned how clean the floors are in reviews.,love it
It sprayed hot air and dust into my face when I switched it on. Something is seriously wrong with the design.,horrible product
Not much better than a broom. Save your money.,bad product
"It's fine for occasional use, which is all I do.",indifferent
The charging dock is flimsy and the vacuum doesn't always make contact. Several times I've come back to a dead battery. It's a small thing but very annoying. Overall disappointing.,bad product
Complete scam. It looks nothing like the pictures and the suction couldn't lift a piece of paper.,horrible product
"I bought it to replace a broken one and it's a fair replacement. Not as strong, but lighter and easier to store.",okay product
"It worked okay for the first month. Then the suction started dropping, even after cleaning the filter. Now it barely picks up dust. I expected it to last longer than this.",bad product
The little crevice tool got years of crumbs out from between my car seats. I actually found a french fry from 2021.,love it
"It's a decent option. I've seen better, but for the money I'm not complaining much.",okay product
It struggles with carpet and loses power quickly. Wouldn't recommend.,bad product
Poor battery life and weak suction. Not recommended.,bad product
"We just finished a home renovation and there was drywall dust everywhere. This vacuum handled it without losing suction, which I didn't think was possible. I just rinsed the filter afterward and it was good as new. Impressed.",love it
"Worst vacuum I have ever owned, and I've owned some bad ones. It literally blows dust back out the exhaust onto the floor.",horrible product
"It's better than my last vacuum but not by as much as I hoped. Still, I'm keeping it.",okay product
"The wheels broke off, the handle cracked, and the battery died. All within six weeks.",horrible product
"Garbage. Doesn't work, never did, never will.",horrible product
"Glitter. My daughter had a glitter craft explosion. This vacuum got every last speck, and if you've dealt with glitter you know that's a miracle.",love it
Our house stays so much cleaner because it's so easy to grab. No more dragging out a giant machine and untangling cords.,love it
It doesn't work well with longer pet hair. It keeps clogging the head.,bad product
It works as expected. Neither good nor bad.,indifferent
I got this for my dorm room and my roommates keep borrowing it. Might start charging rent.,love it
"It's a normal vacuum. My kids use it to clean their rooms, sometimes. I don't know if it's good or bad. It's just there.",indifferent
Too short for me. I'm six feet tall and have to hunch over to use it.,bad product
"One star is too generous. Zero power, zero durability, zero support.",horrible product
Barely picks up anything on medium-pile carpet. I'm really disappointed.,bad product
The battery lasts about half as long as the box claims. That's misleading.,bad product
"Terrible battery life, weak suction, and a tiny bin. Returning.",bad product
I'm genuinely angry that I spent money on this. It never worked properly from the day it arrived.,horrible product
My kid touched the brush head while it was off and it suddenly turned on and pinched her fingers. There's no safety lock whatsoever.,horrible product
The brush roll stops spinning randomly. I have to turn it off and on again.,bad product
It's an average product. Not something I think about much.,indifferent
Everyone should own this vacuum. I'm serious.,love it
We're a family of six with two dogs. This vacuum is getting a workout and it's holding up great.,love it
Pretty good but the battery indicator isn't very accurate. It says half and then dies five minutes later.,okay product
"I have a large house and the battery lasts the whole thing on the eco setting. Charged overnight, ready to go again.",love it
Do not buy this. The battery swelled up after two months and the casing split open. That's a fire hazard.,horrible product
Worst product I've bought online. Period.,horrible product
"I got it as part of a housewarming gift bundle. It's been sitting in the closet mostly. When I've used it, it's worked fine. Nothing else to report.",indifferent
I use it every now and then. It does what vacuums do.,indifferent
It destroyed my rug by grabbing the tassels and pulling them into the brush. Absolutely ruined a gift from my mother.,horrible product
Just a regular vacuum. Nothing stands out.,indifferent
The vacuum started leaking a black oily substance onto my beige carpet. The stain won't come out. The company offered me a 10 percent coupon. Insulting.,horrible product
Meh.,indifferent
"I'm a nurse working night shifts, and being able to vacuum quietly during the day without waking my family is a blessing. Thank you.",love it
Works great.,love it
I use it once a week. Couldn't tell you much else.,indifferent
The motor makes a high-pitched whine that gives me a headache.,bad product
I'm pretty indifferent about it. It's a functional vacuum.,indifferent
Its only achievement is being the worst vacuum on the market.,horrible product
Bad purchase. It's already lost half its suction and I've only had it a couple of months.,bad product
Suction is weak and the dustbin leaks. Two stars.,bad product
I bought it to replace one that broke. It's a vacuum. Nothing more.,indifferent
"My wife and I have three cats and a very long-haired rug. That combination destroyed two previous vacuums. This one has been going strong for eight months with zero issues. Highly, highly recommend.",love it
I have a lot of hardwood and it doesn't scratch it at all. The soft roller head is gentle but still picks everything up.,love it
I have fibromyalgia and some days lifting anything is hard. This vacuum is light enough that I can still do my own cleaning on bad days. That independence means more to me than I can say in a review. Thank you to whoever designed it.,love it
Stopped working entirely on the first day. The replacement is also broken.,horrible product
It died after two weeks. I called customer service and waited on hold for an hour. They told me to send it back at my own expense. I'm never buying from this company again.,horrible product
Unacceptable quality. My child's toy vacuum works better.,horrible product
"The design is nice and the performance is okay. My old vacuum had stronger suction but was twice as heavy, so I'll take the trade-off.",okay product
Didn't make much of an impression either way.,indifferent
"My partner handles most of the cleaning, so I've only used it a couple of times. It seemed like a regular vacuum to me. I didn't notice anything special. Can't really give a stronger opinion.",indifferent
The head gets stuck on the edge of every rug. So frustrating.,bad product
I had no expectations and it met them.,indifferent
Pretty good but not as powerful as I hoped. It does make up for it with convenience.,okay product
"Overall, a decent purchase. One of the attachments was missing but they sent it quickly after I asked.",okay product
The dustbin fell off mid-use and dumped everything back onto my carpet. Happened three times before I gave up.,horrible product
Good but not amazing. It's become my backup vacuum since I have a robot for daily cleaning.,okay product
"Arrived two days early, charged in a few hours, and I've been happy with it ever since. No complaints at all.",love it
"It cleans well and is easy to handle. The noise is on the louder side, which my cat doesn't love. The battery lasts long enough for my two-bedroom place. Good product overall.",okay product
It leaked dust from every seam and made my asthma flare up badly. I ended up at urgent care.,horrible product
It's a fire hazard and it should be recalled. The cord insulation melted near the plug.,horrible product
"The warranty is a joke. They wanted me to pay for shipping both ways plus a ""diagnostic fee.""",horrible product
I bought this for my two dogs and it's just not up to the task. The bin fills after one room and the head clogs with hair. I spend more time maintaining it than cleaning. Two stars.,bad product
It's okay. I bought it for the carpet and it does about as well as any other.,indifferent
"Not sure why I'm being asked to review a vacuum. It's fine, I suppose.",indifferent
The replacement filters are overpriced and hard to find. Very annoying for something that clogs so fast.,bad product
"The HEPA filter is washable, which saves money on replacements. Just rinse, dry, and it's good to go.",love it
"I'd say it's worth the price, but only just. There's room for improvement.",okay product
Average. Nothing to add.,indifferent
Cleans reasonably well. I noticed it leaves a thin line of dust along the baseboards.,okay product
I don't know what people get excited about with vacuums. It's fine.,indifferent
Light enough that my 78-year-old dad uses it without complaining about his back. He called me specifically to say thank you.,love it
Disappointed. Suction is weak and it just pushes crumbs around the kitchen floor.,bad product
I appreciate how light it is. Suction could be stronger on the rugs though.,okay product
Quite good. I just wish the brush head was a little wider so it covered more ground.,okay product
"It works. The dustbin gets clogged with hair near the filter sometimes, so I have to pull it out by hand.",okay product
"I'm fairly satisfied. It picks up pet hair well on hard floors but struggles a bit on the couch. The mini brush helps, but I have to go over it several times. Not bad for the price.",okay product
"It cleans my floor adequately, I guess. I don't inspect it.",indifferent
Returned it after a week. It couldn't handle my medium pile carpet at all.,bad product
"Arrived, works, fine.",indifferent
It's not bad at all. I just wish the brush head swiveled a little more easily around table legs.,okay product
"I'd probably buy a different one next time just to try something new, but this one works okay.",indifferent
The plastic smell alone gave me a headache. Then it broke.,horrible product
Suction weakens as soon as the battery drops below half. Makes it hard to finish a job.,bad product
"We adopted a senior beagle who sheds like it's his full-time job. My old vacuum just gave up on the couch. This one pulls the hair off the cushions with the little motorized brush in a single pass. The dog is still shedding, but I'm no longer losing my mind.",love it
The motor burned out while I was vacuuming a doormat. A doormat.,horrible product
"It's a decent vacuum, but it's not the miracle machine the ads suggest. Suction is good on hard floors and fine on low carpet. On our thick bedroom rug, it bogs down and I have to go slowly. For the price, I'd say it's fair.",okay product
Neither great nor terrible. Just ordinary.,indifferent
It gave me a shock when I touched the metal wand. Electrical fault. Absolutely unacceptable.,horrible product
It's a good second vacuum for quick jobs. I wouldn't rely on it as my only one in a big house.,okay product
"It's alright. Does a good job on crumbs, not so great with long hair.",okay product
"Pretty decent. My kids can use it, which is a plus.",okay product
It's adequate. Does a good job most of the time with a few misses along edges.,okay product
We have three kids and a lab. This vacuum is the unsung hero of our household.,love it
I can't really review it well. I only use it occasionally for the car.,indifferent
The anti-tangle feature works about half the time. Better than nothing.,okay product
Fantastic! My house feels so much cleaner.,love it
Easy to take apart and clean. Even the brush roll pops out without tools.,love it
"It's decent. The rotating brush is loud on hardwood, so I usually turn it off.",okay product
Seriously impressive suction. It lifted sand out of the car mats after a beach weekend that I thought was permanent.,love it
Can't really tell if it's better than the cheaper models. Probably about the same.,indifferent
Honestly the best thing I've bought this year. It's made cleaning almost enjoyable.,love it
"It's a vacuum, it vacuums, I'm moving on with my day.",indifferent
"I use it maybe twice a month for the living room rug. It does the job, I suppose. I haven't noticed any issues. I also haven't been particularly impressed.",indifferent
Not recommended if you have a large home. The battery won't last through one floor.,bad product
Nice enough. Would've preferred a longer warranty for this price range.,okay product
Terrible experience. It overheated and shut off within five minutes every single time.,horrible product
I'm told I have to leave a review for the warranty. So here it is. It's a vacuum and it works. Nothing more to add.,indifferent
It's okay for the price. I've had it six months with no major issues. The filter is a little annoying to clean. I'd give it a solid three to four stars.,okay product
I'm not a vacuum expert so I can't really judge. It seems normal.,indifferent
"I've had it for a while. It hasn't broken, it hasn't amazed me.",indifferent
"It clogged, overheated, and died, all in the first week.",horrible product
It jammed and burned out after I vacuumed up some kitty litter. A vacuum that can't handle litter is useless for pet owners.,horrible product
"Bought it, used it, it's a vacuum. No regrets, no excitement.",indifferent
"Solid mid-range vacuum. Not as powerful as the premium brands I've used, but also a lot cheaper. It gets the job done for daily cleaning. I still use a corded vacuum for deep cleans once a month.",okay product
"I have a ferret, and if you know you know. This vacuum handles the mess brilliantly.",love it
Bought it for my mom for Mother's Day and she said it was the best gift I've given her. I've given her a lot of gifts.,love it
"I've had it for three months and it's already showing wear. The rubber on the wheels is peeling, and the trigger is sticky. It doesn't feel built to last. Disappointed with the quality.",bad product
The motor is powerful but not deafening. I can listen to podcasts while cleaning without cranking the volume.,love it
"I use it every day on my hardwood floors and it's fantastic. No scratches, no scattering, just clean floors.",love it
It's there. I use it. The end.,indifferent
It doesn't clean edges or corners at all. Leaves lines of dirt along walls.,bad product
Honestly forgot I bought it until I got the review email. It's in the hall closet.,indifferent
I've had it a month. It seems to be working normally.,indifferent
Serviceable. It's not the best but I use it daily without major issues.,okay product
